Name,Hersteller/Land,URL,Fokus/Beschreibung
"Olijfoliemarkt","Europaweit","https://olijfoliemarkt.nl/de/collections/olijfolie-proeverij/proefpakketten","Verkauf von Premium-Olivenölen aus ganz Europa inkl. Probierpaketen"
"Olivinus Shop","Europaweit","https://www.olivinus.de/epages/81209321.mobile/de_DE/;ClassicView=1?ObjectPath=/Shops/81209321/Categories/Olivenoel","Shop für zertifiziertes natives Olivenöl extra mit europaweitem Versand"
"100-pct","Griechenland","https://www.100-pct.com/produkt/griechisches-olivenoel-extra-nativ/","Fein-würziges Griechisches Olivenöl"
"Aelia Olive Oil","Griechenland","https://www.aeliaoliveoil.gr/de/delivery-extra-virgin-olive-oil-greece/","Lieferung von extra nativem Olivenöl aus Griechenland nach ganz Europa"
"Byodo Naturkost GmbH","Griechenland","https://shop.byodo.de/Olivenoel-nativ-extra-aus-Griechenland/40240","Bio Naturkost natives Olivenöl extra"
"Greco Roots","Griechenland","https://grecoroots.com/products/olive-oil-and-olives/","Hochwertiges griechisches Olivenöl mit europaweitem Versand"
"Greek Flavours","Griechenland","https://www.greekflavours.com/de/collections/natives-olivenoel-extra-und-oliven","Extra natives Olivenöl in Keramikflaschen mit Europaweitem Versand"
"Hellenikos","Griechenland","https://www.hellenikos.de/Bio-Olivenoel","Direktimporteur für Bio Olivenöl aus Griechenland"
"Hymor","Griechenland","https://www.hymor.eu/Olivenoele/Griechenland/","Echtes griechisches Olivenöl aus Kalamata"
"Ioannis Finest","Griechenland","https://ioannis-finest.com","Griechische Bio-Produkte und Olivenöl"
"Jassas Shop","Griechenland","https://www.jassas-shop.de/Olivenoel","Griechisches Olivenöl online kaufen"
"Jordan Olivenöl","Griechenland","https://jordanolivenoel.de/collections/jordan-olivenol","Premium Griechisches Olivenöl"
"KochDichTürkisch","Griechenland","https://shop.kochdichturkisch.de/olivenoel-kaufen/","Natives Olivenöl aus der Türkei und Griechenland"
"LIÁ","Griechenland","https://www.essig-oel.de/products/lia-natives-olivenol-extra-opalflasche","Premium-Olivenöl in Designerflasche, positioniert als Design-Produkt"
"My Greek Wine","Griechenland","https://www.mygreekwine.de/olivenoel-feinkost/olivenoel","Griechisches Olivenöl und Feinkost"
"Oinologos","Griechenland","https://www.wein-aus-griechenland.eu/c/feinkost/bio-olivenoel","Speiseöle in Spitzenqualität"
"Taste of Koroni","Griechenland","https://www.taste-of-koroni.de/taste-of-koroni-natives-olivenoel-extra-500ml.php","Extra natives Bio-Olivenöl aus Koroni"
"The Olivest","Griechenland","https://theolivest.com/de/collections/great-extra-virgin-olive-oils/variety_picual","Hochwertige griechische native Olivenöle extra mit Versand in Europa"
"Aleveo","Italien","https://aleveo.de/produkt/natives-olivenoel-extra/","Natives Bio Olivenöl Extra aus Italien"
"Bardoleat","Italien","https://bardoleat.com/de/einzelhandler/","Kaltgepresstes extra natives Olivenöl direkt vom Erzeuger mit europaweitem Versand"
"BBUONO","Italien","https://www.bbuono.it/de/shop/olivenol/garda-gga-olivenoel/","Natives Olivenöl extra GARDA DOP aus Italien mit europaweitem Versand"
"Bottle of Italy","Italien","https://bottleofitaly.com/de/products/olio-extra-vergine-100-italiano-250ml","100% italienisches Olivenöl europaweite Lieferung"
"Casetta Olive","Italien","https://casettaolive.it/de/our-olive-oil/","Italienisches Extra Vergine BIO Olivenöl"
"Dinses Culinarium","Italien","https://www.dinsesculinarium.de/unser-sortiment/oel/olivenoel/italienisches-olivenoel/","Italienisches Olivenöl Feinkost"
"Enoteca Ferrari","Italien","https://www.enotecaferrari.com/de/Produktkategorie/Oliven%C3%B6l/extra-natives-Oliven%C3%B6l/","Italienisches natives Olivenöl extra Bio DOP mit europaweitem Versand"
"Frantoio Bartolini","Italien","https://frantoiobartolini.com/de/prodotto/natives-olivenoel-extra-100-italienisch-glas-1l/","100% Italienisches natives Olivenöl Extra mit Verkauf und Versand in ganz Europa"
"Gepp's","Italien","https://www.gepps.de/bio-italienisches-olivenol-nativ-extra-250ml","Bio Italienisches Olivenöl Feinkost"
"Giolea","Italien","https://www.giolea.com","Test von Olivenöl aus Selbstanbau (europaweiter Versand)"
"MoKaffee","Italien","https://www.mokaffee.de/de/17-olivenoel-extra-vergine","Italienisches Bio Olivenöl Extra Vergine"
"Oelfreund","Italien","https://oelfreund.de/olivenoele-co/olivenoele-aus-italien/","Frische Bio Öle aus Italien"
"Oilalá","Italien","https://www.oilala.com/de/produkt/natives-olivenoel-extra-italienisch-5lt-blend/","Fokus auf 5L Bag-in-Box natives Olivenöl extra mit weltweitem Versand"
"Olico.it","Italien","https://olico.it/de/20-biologisches-olivenol-","Biologisches Natives Olivenöl Extra aus Italien"
"Olio Carli","Italien","https://www.oliocarli.de/c/olivenoel/natives-olivenoel-extra","Traditionsunternehmen (110+ Jahre) Italienisches natives Olivenöl Extra"
"Olio Costa","Italien","https://olio-costa.de","Italienisches Olivenöl Shop aus Sizilien/Apulien"
"Olio Viola","Italien","https://www.olioviola.it/de/shop","Ölmühle in Verona seit 1950 mit europaweitem Versand"
"OlioCru","Italien","https://oliocru.it/de/","Natives Olivenöl aus eigener Ölmühle in Italien"
"OlioeoliO","Italien","https://www.olioeolio.de/","Italienische Delikatessen und natives Olivenöl mit europaweitem Fokus"
"Olivenöl aus Italien","Italien","https://www.olivenoelausitalien.com/extra-vergine-olivenoel/bio/","Generischer Shop für Native Bio-Olivenöle extra aus Italien"
"Olivenöl-Kampagne","Italien","https://www.oelkampagne.de","Italienisches Olivenöl Kampagne"
"Vipino Weine","Italien","https://www.vipino-wein.de/olivenoel","Europaweiter Wein- und Feinkosthandel"
"Oelmühle 37","Italien (Apulien)","https://oelmuehle37.de/pages/olivenoel-italien-apulien","Kosher zertifiziertes natives Olivenöl extra aus Apulien"
"Galperino","Italien/Europaweit","https://www.galperino.de/Feinkost/Olivenoel/","Feinkostshop für Weine und natives Olivenöl mit europaweitem Fokus"
"Luna Vergine","Italien/Europaweit","https://www.lunavergine.it/de/produktkategorie/zentraleuropa/natives-olivenol-extra/","Natives Olivenöl extra mit speziellem Versand nach Mitteleuropa"
"Lieblingsweinladen","Italien/Spanien","https://www.lieblingsweinladen.de/feinkost/oel-essig/olivenoel/","Feinkostshop für natives Olivenöl extra aus Europa"
"Mani","Kalamata (Griechenland)","https://mani.bio/de-int/collections/olivenoel","Ursprungsgeschützt (g.U.) aus der Region Kalamata"
"Corviscom Ghorban","Kreta (Griechenland)","https://www.corviscom-ghorban.de/shop/natives-olivenoel-extra-bio/1/","Bio Naturkost Olio Extra Vergine di Oliva"
"Deligreece","Kreta (Griechenland)","https://deligreece.com/products/archaelaion-extra-natives-olivenol-aus-unreifen-oliven","Extra natives Olivenöl aus unreifen Oliven von Kreta"
"Die Amphore","Kreta (Griechenland)","https://www.die-amphore.de/","Fokus auf Kreta stets frisch importiert"
"Edesma","Kreta (Griechenland)","https://edesma.de/olivenoele/","Fokus auf Großgebinde (3L Kanister) Extra natives Olivenöl (Chania Kritis g.g.A) BIO"
"Kaloudia","Kreta (Griechenland)","https://kaloudia.de/blogs/wissenswertes-uber-olivenole/griechisches-olivenol-online-kaufen-von-der-familie-kydonakis-aus-kreta","Extra natives Olivenöl „Oleum“ direkt von der Familie Kydonakis aus Kreta"
"Olivenzauber","Kreta (Griechenland)","https://olivenzauber.de/collections/olivenol","Fruchtiger Geschmack griechisches extra natives Olivenöl"
"Orea-Feinkost","Kreta (Griechenland)","https://www.orea-feinkost.de/","Griechisches Olivenöl (Koroneiki) mit europaweitem Fokus (>30k Kunden in Europa)"
"Repa Mediterran","Kreta (Griechenland)","https://www.repa-mediterran.de/de/griechisches-olivenoel/","Griechisches Olivenöl im Kanister"
"Wines of Greece","Kreta (Griechenland)","https://wines-of-greece.de/c/olivenoel","Griechisches Olivenöl aus Kreta (EU Versand)"